Workbook

Sheet Upute
A1: ROI Tracker — AI sustav
A2: GoThrive AI Academy · Sve AI tajne · Modul 9
A4: Čemu služi | B4: Da rasprava o tome je li AI vrijedio ne završi na dojmovima. Dva lista, dvanaest brojeva, jedan odgovor.
A5: Legenda | B5: Plava polja sa žutom ispunom su tvoja — njih ispunjavaš. Crni brojevi su formule i sami se računaju. Ne diraj ih.
A6: Redoslijed | B6: 1) Ispuni 'Vrijednost sata' na ovom listu. 2) Za svaki proces upiši redak na listu 'Procesi'. 3) Svakog mjeseca upiši jedan redak na list 'Mjesečno'. 4) List 'Sažetak' čitaš, ne popunjavaš.
A7: Vrijednost sata | B7: Koliko ti stvarno vrijedi sat vremena. Za vlasnika: prihod po satu, ne satnica zaposlenika. Za zaposlenika: bruto trošak sata.
A8: Minute PRIJE | B8: Koliko je proces trajao prije, realno. Uključi i prekid rada i traženje podataka, ne samo čisto vrijeme.
A9: Minute SADA | B9: Koliko traje sada, s AI-em. Uključi vrijeme pregleda i ispravljanja — to je i dalje tvoje vrijeme.
A10: Trošak postavljanja | B10: Sati koje si potrošio/potrošila na postavljanje. Jednokratno. Ovo je ono što se mora vratiti.
A11: Važno | B11: Procjena je uvijek optimistična. Nakon prvog mjeseca vrati se i ispravi 'Minute SADA' na stvarnu vrijednost.
A12: Što NE mjeriti | B12: Broj alata, broj agenata, broj promptova. To nisu rezultati, to su aktivnosti.
A14: Vrijednost sata (EUR) | B14: 40
B15: Ovo je jedino polje s ovog lista koje ulazi u izračune. Zamijeni ga svojim brojem.

Sheet Procesi
A1: Procesi u AI sustavu
A2: Plava polja sa žutom ispunom ispunjavaš. Stupci G, H, K i L su formule.
A4: Proces | B4: Vlasnik | C4: Faza | D4: Puta mjesečno | E4: Min PRIJE | F4: Min SADA | G4: Ušteda h/mj | H4: Ušteda EUR/mj | I4: Postavljanje (h) | J4: Trošak alata EUR/mj | K4: Neto EUR/mj | L4: Povrat (mj)
A5: Bilješke sa sastanaka | B5: Ana | C5: 1 | D5: 40 | E5: 30 | F5: 8 | G5: =IFERROR(IF(D5="","",D5*(E5-F5)/60),"") -> 14.666667 | H5: =IFERROR(IF(G5="","",G5*Upute!$B$14),"") -> 586.66667 | I5: 3 | J5: 0 | K5: =IFERROR(IF(H5="","",H5-J5),"") -> 586.66667 | L5: =IFERROR(IF(OR(K5="",K5<=0),"",I5*Upute!$B$14/K5),"") -> 0.20454545
A6: Obrada upita s weba | B6: ja | C6: 1 | D6: 60 | E6: 12 | F6: 4 | G6: =IFERROR(IF(D6="","",D6*(E6-F6)/60),"") -> 8 | H6: =IFERROR(IF(G6="","",G6*Upute!$B$14),"") -> 320 | I6: 3 | J6: 0 | K6: =IFERROR(IF(H6="","",H6-J6),"") -> 320 | L6: =IFERROR(IF(OR(K6="",K6<=0),"",I6*Upute!$B$14/K6),"") -> 0.375
A7: Tjedni pregled | B7: ja | C7: 2 | D7: 4 | E7: 45 | F7: 10 | G7: =IFERROR(IF(D7="","",D7*(E7-F7)/60),"") -> 2.3333333 | H7: =IFERROR(IF(G7="","",G7*Upute!$B$14),"") -> 93.333333 | I7: 5 | J7: 9 | K7: =IFERROR(IF(H7="","",H7-J7),"") -> 84.333333 | L7: =IFERROR(IF(OR(K7="",K7<=0),"",I7*Upute!$B$14/K7),"") -> 2.3715415
G8: =IFERROR(IF(D8="","",D8*(E8-F8)/60),"") | H8: =IFERROR(IF(G8="","",G8*Upute!$B$14),"") | K8: =IFERROR(IF(H8="","",H8-J8),"") | L8: =IFERROR(IF(OR(K8="",K8<=0),"",I8*Upute!$B$14/K8),"")
G9: =IFERROR(IF(D9="","",D9*(E9-F9)/60),"") | H9: =IFERROR(IF(G9="","",G9*Upute!$B$14),"") | K9: =IFERROR(IF(H9="","",H9-J9),"") | L9: =IFERROR(IF(OR(K9="",K9<=0),"",I9*Upute!$B$14/K9),"")
G10: =IFERROR(IF(D10="","",D10*(E10-F10)/60),"") | H10: =IFERROR(IF(G10="","",G10*Upute!$B$14),"") | K10: =IFERROR(IF(H10="","",H10-J10),"") | L10: =IFERROR(IF(OR(K10="",K10<=0),"",I10*Upute!$B$14/K10),"")
G11: =IFERROR(IF(D11="","",D11*(E11-F11)/60),"") | H11: =IFERROR(IF(G11="","",G11*Upute!$B$14),"") | K11: =IFERROR(IF(H11="","",H11-J11),"") | L11: =IFERROR(IF(OR(K11="",K11<=0),"",I11*Upute!$B$14/K11),"")
G12: =IFERROR(IF(D12="","",D12*(E12-F12)/60),"") | H12: =IFERROR(IF(G12="","",G12*Upute!$B$14),"") | K12: =IFERROR(IF(H12="","",H12-J12),"") | L12: =IFERROR(IF(OR(K12="",K12<=0),"",I12*Upute!$B$14/K12),"")
G13: =IFERROR(IF(D13="","",D13*(E13-F13)/60),"") | H13: =IFERROR(IF(G13="","",G13*Upute!$B$14),"") | K13: =IFERROR(IF(H13="","",H13-J13),"") | L13: =IFERROR(IF(OR(K13="",K13<=0),"",I13*Upute!$B$14/K13),"")
G14: =IFERROR(IF(D14="","",D14*(E14-F14)/60),"") | H14: =IFERROR(IF(G14="","",G14*Upute!$B$14),"") | K14: =IFERROR(IF(H14="","",H14-J14),"") | L14: =IFERROR(IF(OR(K14="",K14<=0),"",I14*Upute!$B$14/K14),"")
G15: =IFERROR(IF(D15="","",D15*(E15-F15)/60),"") | H15: =IFERROR(IF(G15="","",G15*Upute!$B$14),"") | K15: =IFERROR(IF(H15="","",H15-J15),"") | L15: =IFERROR(IF(OR(K15="",K15<=0),"",I15*Upute!$B$14/K15),"")
G16: =IFERROR(IF(D16="","",D16*(E16-F16)/60),"") | H16: =IFERROR(IF(G16="","",G16*Upute!$B$14),"") | K16: =IFERROR(IF(H16="","",H16-J16),"") | L16: =IFERROR(IF(OR(K16="",K16<=0),"",I16*Upute!$B$14/K16),"")
G17: =IFERROR(IF(D17="","",D17*(E17-F17)/60),"") | H17: =IFERROR(IF(G17="","",G17*Upute!$B$14),"") | K17: =IFERROR(IF(H17="","",H17-J17),"") | L17: =IFERROR(IF(OR(K17="",K17<=0),"",I17*Upute!$B$14/K17),"")
G18: =IFERROR(IF(D18="","",D18*(E18-F18)/60),"") | H18: =IFERROR(IF(G18="","",G18*Upute!$B$14),"") | K18: =IFERROR(IF(H18="","",H18-J18),"") | L18: =IFERROR(IF(OR(K18="",K18<=0),"",I18*Upute!$B$14/K18),"")
G19: =IFERROR(IF(D19="","",D19*(E19-F19)/60),"") | H19: =IFERROR(IF(G19="","",G19*Upute!$B$14),"") | K19: =IFERROR(IF(H19="","",H19-J19),"") | L19: =IFERROR(IF(OR(K19="",K19<=0),"",I19*Upute!$B$14/K19),"")
... G24: =IFERROR(IF(D24="","",D24*(E24-F24)/60),"") | H24: =IFERROR(IF(G24="","",G24*Upute!$B$14),"") | K24: =IFERROR(IF(H24="","",H24-J24),"") | L24: =IFERROR(IF(OR(K24="",K24<=0),"",I24*Upute!$B$14/K24),"")
A25: UKUPNO | G25: =SUM(G5:G24) -> 25 | H25: =SUM(H5:H24) -> 1000 | I25: =SUM(I5:I24) -> 11 | J25: =SUM(J5:J24) -> 9 | K25: =SUM(K5:K24) -> 991
A27: Napomena | B27: Prva tri retka su primjer — prepiši ih preko svojim procesima. Stupac L (povrat) računa za koliko se mjeseci vrati vrijeme uloženo u postavljanje. Ako je iznad 6, proces vjerojatno nije bio vrijedan automatizacije.

Sheet Mjesečno
A1: Mjesečno praćenje
A2: Jedan redak mjesečno. Stupci C i E su formule.
A4: Mjesec | B4: Ušteđeno h | C4: Vrijednost EUR | D4: Trošak alata EUR | E4: Neto EUR | F4: Bilješka
A5: rujan 2026 | B5: 18 | C5: =IFERROR(IF(B5="","",B5*Upute!$B$14),"") -> 720 | D5: 45 | E5: =IFERROR(IF(C5="","",C5-D5),"") -> 675 | F5: Primjer. Prepiši preko svojim podacima.
C6: =IFERROR(IF(B6="","",B6*Upute!$B$14),"") | E6: =IFERROR(IF(C6="","",C6-D6),"")
C7: =IFERROR(IF(B7="","",B7*Upute!$B$14),"") | E7: =IFERROR(IF(C7="","",C7-D7),"")
C8: =IFERROR(IF(B8="","",B8*Upute!$B$14),"") | E8: =IFERROR(IF(C8="","",C8-D8),"")
C9: =IFERROR(IF(B9="","",B9*Upute!$B$14),"") | E9: =IFERROR(IF(C9="","",C9-D9),"")
C10: =IFERROR(IF(B10="","",B10*Upute!$B$14),"") | E10: =IFERROR(IF(C10="","",C10-D10),"")
C11: =IFERROR(IF(B11="","",B11*Upute!$B$14),"") | E11: =IFERROR(IF(C11="","",C11-D11),"")
C12: =IFERROR(IF(B12="","",B12*Upute!$B$14),"") | E12: =IFERROR(IF(C12="","",C12-D12),"")
C13: =IFERROR(IF(B13="","",B13*Upute!$B$14),"") | E13: =IFERROR(IF(C13="","",C13-D13),"")
C14: =IFERROR(IF(B14="","",B14*Upute!$B$14),"") | E14: =IFERROR(IF(C14="","",C14-D14),"")
C15: =IFERROR(IF(B15="","",B15*Upute!$B$14),"") | E15: =IFERROR(IF(C15="","",C15-D15),"")
C16: =IFERROR(IF(B16="","",B16*Upute!$B$14),"") | E16: =IFERROR(IF(C16="","",C16-D16),"")
C17: =IFERROR(IF(B17="","",B17*Upute!$B$14),"") | E17: =IFERROR(IF(C17="","",C17-D17),"")
... C28: =IFERROR(IF(B28="","",B28*Upute!$B$14),"") | E28: =IFERROR(IF(C28="","",C28-D28),"")
A29: UKUPNO | B29: =SUM(B5:B28) -> 18 | C29: =SUM(C5:C28) -> 720 | D29: =SUM(D5:D28) -> 45 | E29: =SUM(E5:E28) -> 675

Sheet Sažetak
A1: Sažetak
A2: Ovaj list se ne popunjava — čita se.
A4: Procesa u sustavu | B4: =COUNTA(Procesi!A5:A24) -> 3 | C4: Koliko procesa je upisano na listu Procesi
A5: Ušteda po procjeni (h/mj) | B5: =Procesi!G25 -> 25 | C5: Zbroj iz stupca G — procjena, ne mjerenje
A6: Ušteda po procjeni (EUR/mj) | B6: =Procesi!H25 -> 1000 | C6: Ušteđeni sati × vrijednost sata
A7: Trošak alata (EUR/mj) | B7: =Procesi!J25 -> 9 | C7: Zbroj mjesečnih troškova alata po procesu
A8: Neto po procjeni (EUR/mj) | B8: =Procesi!K25 -> 991 | C8: Ušteda minus trošak alata
A9: Uloženo u postavljanje (h) | B9: =Procesi!I25 -> 11 | C9: Jednokratno vrijeme postavljanja, svi procesi
A10: Uloženo u postavljanje (EUR) | B10: =IFERROR(Procesi!I25*Upute!$B$14,"") -> 440 | C10: Vrijeme postavljanja × vrijednost sata
A11: Povrat ulaganja (mjeseci) | B11: =IFERROR(IF(Procesi!K25<=0,"",Procesi!I25*Upute!$B$14/Procesi!K25),"") -> 0.44399596 | C11: Za koliko se mjeseci vrati vrijeme postavljanja
A13: Stvarno mjereno (h, ukupno) | B13: =Mjesečno!B29 -> 18 | C13: Zbroj s lista Mjesečno — ovo je mjerenje, ne procjena
A14: Stvarno mjereno (neto EUR, ukupno) | B14: =Mjesečno!E29 -> 675 | C14: Ovo je broj koji vrijedi u razgovoru s knjigovođom
A15: Mjeseci praćenja | B15: =COUNTA(Mjesečno!A5:A28) -> 1 | C15: Koliko mjeseci je upisano
A16: Prosjek po mjesecu (neto EUR) | B16: =IFERROR(Mjesečno!E29/COUNTA(Mjesečno!A5:A28),"") -> 675 | C16: Stvarni neto podijeljen s brojem mjeseci
A18: Kako čitati
A19: Procjena (gornji dio) služi za odluku hoćeš li nešto raditi. Mjerenje (donji dio) služi za odgovor je li vrijedilo.
A20: Ako se procjena i mjerenje razlikuju više od 30%, procjena je bila optimistična — vrati se na list Procesi i ispravi 'Min SADA'.
A21: Povrat iznad 6 mjeseci je znak da proces nije bio vrijedan automatizacije. Bolje je to priznati nego nastaviti.
